signal_time,entry_time,exit_time,direction,entry_price,exit_price,stop_price,target_price,stop_dist,pnl,pnl_cash_per_lot,r_multiple,exit_reason
2022-07-22 22:15:00,2022-07-22 22:15:00,2022-07-22 23:45:00,short,1725.3700000000001,1726.8799999999999,1726.86,1720.9000000000008,1.4899999999997817,-1.5799999999997636,-157.99999999997635,-1.012820512820503,stop
2022-07-28 03:30:00,2022-07-28 03:30:00,2022-07-28 05:30:00,long,1737.03,1734.51,1734.53,1744.53,2.5,-2.5899999999999817,-258.9999999999982,-1.007782101167308,stop
2022-07-28 17:30:00,2022-07-28 17:30:00,2022-08-02 03:45:00,long,1750.1200000000001,1777.6300000000003,1740.95,1777.6300000000003,9.170000000000073,27.440000000000218,2744.000000000022,2.9696969696969697,target
2022-08-25 17:30:00,2022-08-25 17:30:00,2022-08-26 17:15:00,short,1756.3700000000001,1742.1200000000008,1761.12,1742.1200000000008,4.749999999999773,14.179999999999318,1417.9999999999318,2.941908713692943,target
2022-09-06 04:30:00,2022-09-06 04:30:00,2022-09-06 08:00:00,long,1718.66,1715.34,1715.36,1728.5600000000006,3.300000000000182,-3.3900000000001635,-339.00000000001637,-1.0059347181008844,stop
2022-09-07 13:15:00,2022-09-07 13:15:00,2022-09-12 15:15:00,long,1705.21,1731.52,1696.44,1731.52,8.769999999999982,26.239999999999945,2623.9999999999945,2.9683257918552033,target
2022-09-28 21:00:00,2022-09-28 21:00:00,2022-09-29 08:15:00,long,1660.77,1651.71,1651.73,1687.8899999999999,9.039999999999964,-9.129999999999946,-912.9999999999945,-1.0021953896816664,stop
2022-09-29 09:45:00,2022-09-29 09:45:00,2022-09-29 12:45:00,short,1646.43,1649.8899999999999,1649.87,1636.1100000000006,3.439999999999827,-3.529999999999809,-352.9999999999809,-1.0056980056980007,stop
2022-10-18 19:15:00,2022-10-18 19:15:00,2022-10-18 20:45:00,short,1650.74,1652.86,1652.84,1644.4400000000003,2.099999999999909,-2.1899999999998907,-218.99999999998906,-1.0092165898617431,stop
2022-10-28 09:45:00,2022-10-28 09:45:00,2022-10-28 15:45:00,short,1658.98,1643.0200000000002,1664.3,1643.0200000000002,5.319999999999936,15.889999999999809,1588.999999999981,2.948051948051947,target
2022-11-03 12:00:00,2022-11-03 12:00:00,2022-11-04 05:30:00,short,1627.15,1635.94,1635.92,1600.8400000000001,8.769999999999982,-8.859999999999964,-885.9999999999964,-1.002262443438912,stop
2022-11-04 09:30:00,2022-11-04 09:30:00,2022-11-04 17:15:00,long,1647.1200000000001,1668.3000000000006,1640.06,1668.3000000000006,7.060000000000173,21.110000000000518,2111.000000000052,2.9607293127629744,target
2022-11-29 04:45:00,2022-11-29 04:45:00,2022-11-30 12:15:00,long,1746.2,1762.1900000000005,1740.87,1762.1900000000005,5.330000000000155,15.920000000000464,1592.0000000000464,2.9481481481481495,target
2022-12-01 17:30:00,2022-12-01 17:30:00,2022-12-02 15:45:00,long,1795.97,1787.81,1787.83,1820.3900000000003,8.1400000000001,-8.230000000000082,-823.0000000000082,-1.002436053593177,stop
2022-12-06 19:45:00,2022-12-06 19:45:00,2022-12-07 15:30:00,short,1772.53,1776.25,1776.23,1761.4299999999998,3.7000000000000455,-3.790000000000027,-379.00000000000273,-1.0053050397877936,stop
2022-12-20 12:45:00,2022-12-20 12:45:00,2022-12-20 15:00:00,long,1805.25,1801.63,1801.65,1816.0499999999997,3.599999999999909,-3.6899999999998907,-368.9999999999891,-1.0054495912806491,stop
2023-01-03 10:15:00,2023-01-03 10:15:00,2023-01-03 10:30:00,long,1844.01,1840.96,1840.98,1853.1,3.0299999999999727,-3.1199999999999544,-311.99999999999545,-1.00645161290322,stop
2023-01-06 05:45:00,2023-01-06 05:45:00,2023-01-06 11:30:00,long,1839.57,1834.29,1834.31,1855.35,5.259999999999991,-5.349999999999973,-534.9999999999973,-1.0037523452157564,stop
2023-01-09 10:45:00,2023-01-09 10:45:00,2023-01-09 17:00:00,short,1875.2,1880.92,1880.9,1858.1,5.7000000000000455,-5.790000000000028,-579.0000000000027,-1.0034662045060627,stop
2023-01-10 17:45:00,2023-01-10 17:45:00,2023-01-11 17:00:00,long,1875.63,1870.8700000000001,1870.89,1889.8500000000001,4.740000000000009,-4.829999999999991,-482.9999999999991,-1.0041580041580003,stop
2023-01-18 05:30:00,2023-01-18 05:30:00,2023-01-18 10:15:00,short,1902.1200000000001,1910.17,1910.15,1878.0300000000002,8.029999999999973,-8.119999999999955,-811.9999999999955,-1.0024691358024669,stop
2023-02-10 08:45:00,2023-02-10 08:45:00,2023-02-13 16:45:00,long,1858.65,1853.34,1853.36,1874.5200000000007,5.290000000000191,-5.380000000000173,-538.0000000000173,-1.0037313432835786,stop
2023-02-16 12:15:00,2023-02-16 12:15:00,2023-02-16 20:15:00,short,1836.47,1844.79,1844.77,1811.5700000000002,8.299999999999955,-8.389999999999937,-838.9999999999936,-1.0023894862604519,stop
2023-02-21 15:00:00,2023-02-21 15:00:00,2023-02-21 15:30:00,short,1833.1100000000001,1835.08,1835.06,1827.2600000000007,1.949999999999818,-2.0399999999997998,-203.99999999997996,-1.0099009900990017,stop
2023-03-22 06:45:00,2023-03-22 06:45:00,2023-03-22 11:30:00,short,1940.82,1945.21,1945.19,1927.7099999999996,4.370000000000118,-4.4600000000001,-446.00000000001,-1.0045045045045002,stop
2023-03-22 18:45:00,2023-03-22 18:45:00,2023-03-22 21:15:00,long,1948.84,1965.4299999999998,1943.31,1965.4299999999998,5.529999999999973,16.519999999999918,1651.9999999999918,2.9499999999999997,target
2023-04-13 22:30:00,2023-04-13 22:30:00,2023-04-14 04:45:00,short,2039.07,2045.84,2045.82,2018.82,6.75,-6.839999999999982,-683.9999999999982,-1.0029325513196454,stop
2023-04-17 18:30:00,2023-04-17 18:30:00,2023-04-17 20:15:00,short,1991.74,1994.07,1994.05,1984.8100000000002,2.3099999999999454,-2.399999999999927,-239.9999999999927,-1.0084033613445305,stop
2023-04-25 03:30:00,2023-04-25 03:30:00,2023-04-25 07:15:00,long,1995.91,1991.59,1991.61,2008.8100000000006,4.300000000000182,-4.390000000000164,-439.00000000001637,-1.0045766590388971,stop
2023-05-09 20:00:00,2023-05-09 20:00:00,2023-05-10 11:45:00,long,2031.23,2026.31,2026.33,2045.9300000000003,4.900000000000091,-4.990000000000073,-499.0000000000073,-1.0040241448692115,stop
2023-06-02 16:30:00,2023-06-02 16:30:00,2023-06-02 17:00:00,short,1976.04,1963.7099999999996,1980.15,1963.7099999999996,4.110000000000127,12.260000000000382,1226.0000000000382,2.9330143540669873,target
2023-06-06 17:30:00,2023-06-06 17:30:00,2023-06-06 19:00:00,short,1960.09,1964.26,1964.24,1947.6399999999996,4.150000000000091,-4.240000000000073,-424.0000000000073,-1.0047393364928865,stop
2023-06-13 19:15:00,2023-06-13 19:15:00,2023-06-14 12:45:00,short,1945.27,1953.06,1953.04,1921.96,7.769999999999982,-7.859999999999964,-785.9999999999964,-1.002551020408161,stop
2023-06-14 22:00:00,2023-06-14 22:00:00,2023-06-15 04:15:00,short,1949.98,1936.1500000000003,1954.59,1936.1500000000003,4.6099999999999,13.7599999999997,1375.99999999997,2.9401709401709386,target
2023-06-26 17:45:00,2023-06-26 17:45:00,2023-06-27 05:00:00,short,1924.1,1930.0,1929.98,1906.4599999999996,5.880000000000109,-5.970000000000091,-597.0000000000091,-1.003361344537812,stop
2023-06-27 16:00:00,2023-06-27 16:00:00,2023-06-27 17:15:00,long,1926.47,1921.43,1921.45,1941.53,5.019999999999982,-5.109999999999964,-510.99999999999636,-1.0039292730844758,stop
2023-06-29 06:30:00,2023-06-29 06:30:00,2023-06-29 15:15:00,short,1904.38,1911.37,1911.35,1883.4700000000007,6.9699999999998,-7.059999999999782,-705.9999999999782,-1.0028409090909065,stop
2023-07-12 06:15:00,2023-07-12 06:15:00,2023-07-12 09:45:00,long,1939.3500000000001,1936.6,1936.62,1947.5400000000009,2.7300000000002456,-2.820000000000227,-282.00000000002274,-1.00714285714285,stop
2023-08-14 16:00:00,2023-08-14 16:00:00,2023-08-15 15:45:00,short,1910.28,1896.87,1914.75,1896.87,4.470000000000027,13.340000000000082,1334.0000000000082,2.9383259911894273,target
2023-09-01 05:15:00,2023-09-01 05:15:00,2023-09-01 07:15:00,long,1942.54,1938.6200000000001,1938.64,1954.2399999999996,3.8999999999998636,-3.9899999999998452,-398.99999999998454,-1.0050377833753104,stop
2023-09-29 22:00:00,2023-09-29 22:00:00,2023-10-02 17:15:00,short,1848.82,1828.54,1855.58,1828.54,6.759999999999991,20.209999999999972,2020.9999999999973,2.9590043923865297,target
2023-10-03 12:00:00,2023-10-03 12:00:00,2023-10-03 17:15:00,long,1826.32,1822.51,1822.53,1837.6899999999998,3.7899999999999636,-3.8799999999999453,-387.99999999999454,-1.0051813471502544,stop
2023-10-25 21:15:00,2023-10-25 21:15:00,2023-10-26 16:00:00,long,1983.99,1976.49,1976.51,2006.43,7.480000000000018,-7.57,-757.0,-1.0026490066225142,stop
2023-11-17 16:45:00,2023-11-17 16:45:00,2023-11-21 04:45:00,short,1982.34,1991.58,1991.56,1954.6799999999998,9.220000000000027,-9.31000000000001,-931.0000000000009,-1.0021528525295997,stop
2023-11-22 18:00:00,2023-11-22 18:00:00,2023-11-24 16:45:00,short,1994.9,2002.48,2002.46,1972.2200000000003,7.559999999999945,-7.6499999999999275,-764.9999999999927,-1.0026212319790277,stop
2023-11-29 17:30:00,2023-11-29 17:30:00,2023-11-30 12:15:00,long,2041.8,2038.56,2038.58,2051.46,3.2200000000000273,-3.310000000000009,-331.0000000000009,-1.0060790273556175,stop
2023-12-04 13:30:00,2023-12-04 13:30:00,2023-12-04 16:00:00,short,2069.66,2057.689999999999,2073.65,2057.689999999999,3.9900000000002365,11.90000000000071,1190.000000000071,2.9310344827586245,target
2023-12-15 05:30:00,2023-12-15 05:30:00,2023-12-15 15:45:00,long,2035.53,2031.8,2031.82,2046.66,3.7100000000000364,-3.800000000000018,-380.0000000000018,-1.0052910052910005,stop
2024-01-05 20:00:00,2024-01-05 20:00:00,2024-01-11 01:00:00,short,2041.9,2024.5,2051.84,2012.08,9.940000000000055,17.33000000000009,1733.000000000009,1.731268731268731,time
2024-01-16 20:30:00,2024-01-16 20:30:00,2024-01-19 15:15:00,short,2026.72,2035.99,2035.97,1998.97,9.25,-9.339999999999982,-933.9999999999982,-1.0021459227467793,stop
2024-02-08 17:15:00,2024-02-08 17:15:00,2024-02-12 12:15:00,long,2028.4599999999998,2020.1,2020.12,2053.4799999999996,8.339999999999918,-8.4299999999999,-842.99999999999,-1.0023781212841834,stop
2024-03-06 17:45:00,2024-03-06 17:45:00,2024-03-06 20:45:00,long,2140.24,2151.9399999999987,2136.34,2151.9399999999987,3.899999999999636,11.629999999998908,1162.9999999998909,2.9294710327455857,target
2024-03-08 20:00:00,2024-03-08 20:00:00,2024-03-08 20:15:00,long,2185.2,2177.22,2177.24,2209.08,7.960000000000036,-8.050000000000018,-805.0000000000018,-1.0024906600249044,stop
2024-03-21 14:00:00,2024-03-21 14:00:00,2024-03-21 15:45:00,long,2207.82,2204.01,2204.03,2219.19,3.7899999999999636,-3.8799999999999453,-387.99999999999454,-1.0051813471502544,stop
2024-03-26 16:30:00,2024-03-26 16:30:00,2024-03-27 14:30:00,short,2188.83,2197.28,2197.26,2163.539999999999,8.430000000000291,-8.520000000000273,-852.0000000000273,-1.0023529411764684,stop
2024-04-01 07:30:00,2024-04-01 07:30:00,2024-04-01 11:00:00,long,2260.8799999999997,2256.98,2257.0,2272.5199999999986,3.8799999999996544,-3.969999999999636,-396.9999999999636,-1.0050632911392363,stop
2024-04-04 23:30:00,2024-04-04 23:30:00,2024-04-05 04:45:00,short,2291.41,2268.16,2299.16,2268.16,7.75,23.18,2318.0,2.9641943734015346,target
2024-04-05 09:00:00,2024-04-05 09:00:00,2024-04-05 17:00:00,long,2279.9300000000003,2302.6100000000015,2272.37,2302.6100000000015,7.5600000000004,22.6100000000012,2261.00000000012,2.96330275229358,target
2024-04-19 10:45:00,2024-04-19 10:45:00,2024-04-19 11:30:00,long,2388.69,2379.0,2379.02,2417.7000000000003,9.670000000000073,-9.760000000000055,-976.0000000000055,-1.0020533880903473,stop
2024-04-22 07:00:00,2024-04-22 07:00:00,2024-04-22 14:15:00,short,2369.31,2348.76,2376.16,2348.76,6.849999999999909,20.479999999999727,2047.9999999999727,2.9595375722543347,target
2024-04-23 13:15:00,2024-04-23 13:15:00,2024-04-23 14:00:00,short,2298.82,2304.32,2304.3,2282.38,5.480000000000018,-5.57,-557.0,-1.0036036036036002,stop
2024-04-26 18:45:00,2024-04-26 18:45:00,2024-04-29 04:45:00,short,2336.84,2320.4,2342.32,2320.4,5.480000000000018,16.370000000000054,1637.0000000000055,2.9495495495495496,target
2024-05-06 06:15:00,2024-05-06 06:15:00,2024-05-06 10:45:00,long,2309.97,2322.629999999999,2305.75,2322.629999999999,4.2199999999998,12.5899999999994,1258.99999999994,2.9347319347319316,target
2024-05-20 09:30:00,2024-05-20 09:30:00,2024-05-20 09:45:00,long,2440.58,2437.58,2437.6,2449.52,2.980000000000018,-3.07,-307.0,-1.0065573770491743,stop
2024-05-21 23:15:00,2024-05-21 23:15:00,2024-05-22 06:00:00,long,2422.81,2419.07,2419.09,2433.9699999999993,3.7199999999998,-3.8099999999997816,-380.9999999999782,-1.0052770448548767,stop
2024-05-29 10:00:00,2024-05-29 10:00:00,2024-05-29 12:15:00,short,2355.73,2343.8200000000006,2359.7,2343.8200000000006,3.9699999999998,11.8399999999994,1183.99999999994,2.930693069306927,target
2024-05-30 09:30:00,2024-05-30 09:30:00,2024-05-30 10:15:00,short,2328.15,2335.57,2335.55,2305.95,7.400000000000091,-7.490000000000073,-749.0000000000073,-1.0026773761713497,stop
2024-05-31 09:45:00,2024-05-31 09:45:00,2024-05-31 17:15:00,long,2345.26,2338.31,2338.33,2366.050000000001,6.930000000000291,-7.020000000000273,-702.0000000000273,-1.0028571428571402,stop
2024-06-10 01:15:00,2024-06-10 01:15:00,2024-06-10 01:30:00,short,2295.11,2295.62,2295.6,2293.640000000001,0.4899999999997817,-0.5799999999997636,-57.99999999997636,-1.0357142857142672,stop
2024-06-20 12:00:00,2024-06-20 12:00:00,2024-06-20 15:45:00,short,2333.27,2342.14,2342.12,2306.7200000000003,8.849999999999909,-8.939999999999891,-893.9999999999891,-1.0022421524663656,stop
2024-06-24 17:15:00,2024-06-24 17:15:00,2024-06-25 04:45:00,long,2329.71,2325.96,2325.98,2340.9,3.730000000000018,-3.82,-382.0,-1.005263157894732,stop
2024-07-16 06:30:00,2024-07-16 06:30:00,2024-07-16 17:45:00,long,2427.23,2448.8,2420.04,2448.8,7.190000000000055,21.500000000000163,2150.0000000000164,2.9614325068870526,target
2024-07-25 23:15:00,2024-07-25 23:15:00,2024-07-26 04:15:00,long,2362.35,2356.13,2356.15,2380.9499999999994,6.199999999999818,-6.2899999999998,-628.99999999998,-1.003189792663474,stop
2024-08-06 09:45:00,2024-08-06 09:45:00,2024-08-06 11:15:00,short,2402.88,2411.4,2411.38,2377.38,8.5,-8.589999999999982,-858.9999999999982,-1.0023337222870456,stop
2024-08-08 15:45:00,2024-08-08 15:45:00,2024-08-12 10:15:00,long,2409.54,2437.9499999999994,2400.07,2437.9499999999994,9.4699999999998,28.3399999999994,2833.99999999994,2.9706498951781963,target
2024-08-12 17:30:00,2024-08-12 17:30:00,2024-08-12 19:15:00,long,2448.81,2463.12,2444.04,2463.12,4.769999999999982,14.239999999999945,1423.9999999999945,2.942148760330578,target
2024-08-14 20:00:00,2024-08-14 20:00:00,2024-08-15 03:45:00,short,2444.15,2451.5099999999998,2451.49,2422.130000000001,7.339999999999691,-7.429999999999673,-742.9999999999673,-1.0026990553306319,stop
2024-08-19 04:15:00,2024-08-19 04:15:00,2024-08-19 11:30:00,short,2497.2,2506.77,2506.75,2468.5499999999993,9.550000000000182,-9.640000000000164,-964.0000000000164,-1.0020790020790002,stop
2024-08-21 22:00:00,2024-08-21 22:00:00,2024-08-22 04:45:00,long,2516.17,2509.52,2509.54,2536.0600000000004,6.630000000000109,-6.720000000000091,-672.0000000000091,-1.002985074626863,stop
2024-08-26 17:45:00,2024-08-26 17:45:00,2024-08-28 02:15:00,short,2517.85,2526.39,2526.37,2492.29,8.519999999999982,-8.609999999999964,-860.9999999999964,-1.0023282887077976,stop
2024-09-09 16:15:00,2024-09-09 16:15:00,2024-09-09 17:30:00,long,2504.1600000000003,2496.31,2496.33,2527.6500000000015,7.830000000000382,-7.920000000000364,-792.0000000000364,-1.0025316455696178,stop
2024-09-19 20:15:00,2024-09-19 20:15:00,2024-09-20 10:00:00,long,2589.1,2606.92,2583.16,2606.92,5.940000000000055,17.750000000000163,1775.0000000000164,2.9534109816971714,target
2024-09-30 22:00:00,2024-09-30 22:00:00,2024-10-01 05:00:00,short,2631.5,2639.89,2639.87,2606.3900000000003,8.36999999999989,-8.459999999999873,-845.9999999999873,-1.0023696682464434,stop
2024-10-07 22:30:00,2024-10-07 22:30:00,2024-10-08 01:45:00,short,2643.76,2646.17,2646.15,2636.5900000000006,2.3899999999998727,-2.4799999999998543,-247.99999999998542,-1.008130081300806,stop
2024-10-22 20:45:00,2024-10-22 20:45:00,2024-10-23 04:45:00,long,2748.06,2739.7400000000002,2739.76,2772.959999999999,8.299999999999727,-8.38999999999971,-838.9999999999709,-1.0023894862604519,stop
2024-10-25 07:15:00,2024-10-25 07:15:00,2024-10-25 17:15:00,short,2726.16,2734.74,2734.72,2700.48,8.559999999999945,-8.649999999999928,-864.9999999999927,-1.0023174971031266,stop
2024-10-29 20:30:00,2024-10-29 20:30:00,2024-10-30 09:45:00,long,2768.77,2787.9999999999995,2762.36,2787.9999999999995,6.4099999999998545,19.159999999999563,1915.9999999999563,2.956790123456789,target
2024-11-07 04:15:00,2024-11-07 04:15:00,2024-11-07 09:30:00,short,2654.9,2664.0099999999998,2663.99,2627.630000000001,9.08999999999969,-9.179999999999673,-917.9999999999673,-1.0021834061135353,stop
2024-11-14 12:30:00,2024-11-14 12:30:00,2024-11-14 14:00:00,short,2545.64,2554.84,2554.82,2518.099999999999,9.180000000000291,-9.270000000000273,-927.0000000000273,-1.0021621621621601,stop
2024-11-21 03:30:00,2024-11-21 03:30:00,2024-11-21 04:00:00,long,2653.9199999999996,2652.0,2652.02,2659.6199999999985,1.8999999999996362,-1.989999999999618,-198.9999999999618,-1.010152284263952,stop
2024-11-21 11:30:00,2024-11-21 11:30:00,2024-11-21 15:15:00,long,2665.9300000000003,2661.96,2661.98,2677.780000000001,3.950000000000273,-4.040000000000255,-404.00000000002547,-1.0049751243781047,stop
2024-11-25 08:30:00,2024-11-25 08:30:00,2024-11-25 10:30:00,short,2667.63,2673.34,2673.32,2650.56,5.690000000000055,-5.780000000000037,-578.0000000000036,-1.003472222222219,stop
2024-12-05 08:30:00,2024-12-05 08:30:00,2024-12-05 09:00:00,long,2650.8599999999997,2646.91,2646.93,2662.649999999999,3.9299999999998363,-4.019999999999818,-401.9999999999818,-1.0049999999999957,stop
2024-12-10 13:30:00,2024-12-10 13:30:00,2024-12-10 16:45:00,long,2671.58,2688.95,2665.79,2688.95,5.789999999999964,17.29999999999989,1729.999999999989,2.9522184300341294,target
2024-12-12 09:45:00,2024-12-12 09:45:00,2024-12-12 12:15:00,long,2717.81,2713.21,2713.23,2731.5499999999997,4.579999999999927,-4.669999999999909,-466.9999999999909,-1.0043010752688133,stop
2025-01-13 13:30:00,2025-01-13 13:30:00,2025-01-15 11:45:00,short,2678.29,2687.25,2687.23,2651.47,8.940000000000055,-9.030000000000037,-903.0000000000036,-1.002219755826857,stop
2025-01-17 22:45:00,2025-01-17 22:45:00,2025-01-20 01:30:00,short,2703.65,2694.2599999999998,2706.78,2694.2599999999998,3.130000000000109,9.320000000000327,932.0000000000327,2.912500000000003,target
2025-01-23 08:15:00,2025-01-23 08:15:00,2025-01-23 11:30:00,long,2754.0099999999998,2749.56,2749.58,2767.2999999999993,4.429999999999836,-4.519999999999818,-451.9999999999818,-1.0044444444444405,stop
2025-01-23 12:30:00,2025-01-23 12:30:00,2025-01-23 13:15:00,short,2747.34,2753.78,2753.76,2728.08,6.420000000000073,-6.510000000000055,-651.0000000000055,-1.0030816640986104,stop
2025-01-27 19:45:00,2025-01-27 19:45:00,2025-01-27 23:15:00,short,2733.45,2743.21,2743.19,2704.229999999999,9.740000000000236,-9.830000000000219,-983.0000000000218,-1.0020387359836882,stop
2025-02-03 15:45:00,2025-02-03 15:45:00,2025-02-04 15:30:00,long,2808.76,2832.5800000000004,2800.82,2832.5800000000004,7.940000000000055,23.750000000000163,2375.0000000000164,2.965043695380774,target
2025-02-05 20:00:00,2025-02-05 20:00:00,2025-02-05 20:30:00,long,2873.25,2866.71,2866.73,2892.81,6.519999999999982,-6.609999999999964,-660.9999999999964,-1.003034901365703,stop
2025-02-10 10:30:00,2025-02-10 10:30:00,2025-02-11 03:00:00,long,2895.45,2921.7,2886.7,2921.7,8.75,26.18,2618.0,2.968253968253968,target
2025-02-14 15:15:00,2025-02-14 15:15:00,2025-02-14 17:30:00,short,2927.58,2905.59,2934.91,2905.59,7.329999999999927,21.91999999999978,2191.999999999978,2.9621621621621617,target
2025-02-19 14:45:00,2025-02-19 14:45:00,2025-02-20 07:30:00,short,2936.06,2944.57,2944.55,2910.5899999999992,8.490000000000236,-8.580000000000219,-858.0000000000218,-1.0023364485981288,stop
2025-03-03 06:00:00,2025-03-03 06:00:00,2025-03-03 11:30:00,short,2864.76,2870.32,2870.3,2848.1400000000003,5.539999999999964,-5.629999999999946,-562.9999999999945,-1.0035650623885886,stop
2025-03-05 08:45:00,2025-03-05 08:45:00,2025-03-05 13:00:00,long,2917.9100000000003,2911.18,2911.2,2938.040000000002,6.710000000000491,-6.800000000000473,-680.0000000000473,-1.0029498525073717,stop
2025-03-10 15:00:00,2025-03-10 15:00:00,2025-03-10 21:15:00,short,2904.1,2882.499999999999,2911.3,2882.499999999999,7.200000000000273,21.53000000000082,2153.000000000082,2.9614855570839076,target
2025-03-12 07:45:00,2025-03-12 07:45:00,2025-03-12 09:15:00,short,2915.15,2919.41,2919.39,2902.4300000000007,4.239999999999782,-4.329999999999764,-432.99999999997635,-1.0046403712296943,stop
2025-03-14 07:45:00,2025-03-14 07:45:00,2025-03-14 08:00:00,long,2989.2200000000003,2986.63,2986.65,2996.9300000000007,2.5700000000001637,-2.6600000000001454,-266.00000000001455,-1.0075757575757502,stop
2025-03-21 22:15:00,2025-03-21 22:15:00,2025-03-24 17:45:00,long,3021.21,3013.38,3013.4,3044.64,7.809999999999945,-7.8999999999999275,-789.9999999999927,-1.0025380710659875,stop
2025-04-02 14:30:00,2025-04-02 14:30:00,2025-04-02 16:45:00,short,3122.85,3130.36,3130.34,3100.379999999999,7.4900000000002365,-7.580000000000219,-758.0000000000218,-1.0026455026455001,stop
2025-04-02 21:15:00,2025-04-02 21:15:00,2025-04-02 23:30:00,short,3123.35,3131.49,3131.47,3098.9900000000002,8.11999999999989,-8.209999999999873,-820.9999999999873,-1.0024420024420002,stop
2025-04-10 04:15:00,2025-04-10 04:15:00,2025-04-10 04:45:00,long,3086.69,3081.17,3081.19,3103.19,5.5,-5.589999999999982,-558.9999999999982,-1.0035906642728871,stop
2025-04-29 02:15:00,2025-04-29 02:15:00,2025-04-29 08:00:00,short,3337.19,3307.9700000000007,3346.93,3307.9700000000007,9.739999999999782,29.149999999999345,2914.9999999999345,2.9714576962283377,target
2025-05-01 11:15:00,2025-05-01 11:15:00,2025-05-01 13:00:00,short,3232.87,3217.81,3237.89,3217.81,5.019999999999982,14.989999999999945,1498.9999999999945,2.9449901768172886,target
2025-05-07 07:15:00,2025-05-07 07:15:00,2025-05-07 09:15:00,short,3383.82,3392.53,3392.51,3357.75,8.690000000000055,-8.780000000000037,-878.0000000000036,-1.002283105022829,stop
2025-05-08 10:30:00,2025-05-08 10:30:00,2025-05-08 10:45:00,short,3338.31,3346.37,3346.35,3314.19,8.039999999999964,-8.129999999999946,-812.9999999999945,-1.0024660912453738,stop
2025-05-26 04:00:00,2025-05-26 04:00:00,2025-05-26 04:45:00,short,3341.71,3345.87,3345.85,3329.2900000000004,4.139999999999873,-4.229999999999855,-422.99999999998545,-1.0047505938242238,stop
2025-06-02 02:45:00,2025-06-02 02:45:00,2025-06-02 05:00:00,long,3311.55,3302.48,3302.5,3338.7000000000007,9.050000000000182,-9.140000000000164,-914.0000000000164,-1.0021929824561384,stop
2025-06-04 21:45:00,2025-06-04 21:45:00,2025-06-04 22:15:00,long,3377.43,3373.6,3373.62,3388.8599999999997,3.8099999999999454,-3.899999999999927,-389.9999999999927,-1.005154639175253,stop
2025-06-05 11:00:00,2025-06-05 11:00:00,2025-06-05 13:15:00,long,3371.45,3392.39,3364.47,3392.39,6.980000000000018,20.870000000000054,2087.0000000000055,2.9602836879432624,target
