entry_time,exit_time,direction,reason,usd,same_bar_reentry
2026-03-23 03:15:00,2026-03-23 09:40:00,short,target,237.9064285714291,False
2026-03-23 09:40:00,2026-03-23 14:05:00,short,stop,-128.18857142857206,True
2026-03-23 19:00:00,2026-03-25 02:25:00,short,stop,-141.28905428571457,False
2026-03-26 06:00:00,2026-03-26 19:30:00,short,target,123.60428571428537,False
2026-03-26 19:30:00,2026-03-27 08:35:00,short,stop,-79.3991700000006,True
2026-03-27 11:30:00,2026-03-27 17:45:00,short,stop,-38.96571428571344,False
2026-03-30 14:30:00,2026-03-30 21:50:00,long,stop,-66.16142857143008,False
2026-03-31 04:00:00,2026-04-01 01:35:00,long,target,139.25920428571447,False
2026-04-01 03:15:00,2026-04-02 04:30:00,long,stop,-44.151510000000215,False
2026-04-02 22:15:00,2026-04-06 01:00:00,long,stop,-45.51461142857112,False
2026-04-06 08:15:00,2026-04-07 04:00:00,long,stop,-43.69293857142891,False
2026-04-08 01:15:00,2026-04-13 01:00:00,long,stop,-57.23397857142811,False
2026-04-14 04:15:00,2026-04-15 01:05:00,long,target,146.0212657142864,False
2026-04-15 04:15:00,2026-04-15 05:35:00,long,stop,-55.61142857142899,False
2026-04-15 15:00:00,2026-04-16 17:40:00,long,stop,-65.25444857142716,False
2026-04-17 16:00:00,2026-04-20 01:00:00,long,stop,-116.68906000000081,False
2026-04-21 20:00:00,2026-04-22 06:05:00,short,stop,-50.05774142857261,False
2026-04-22 11:15:00,2026-04-23 03:15:00,short,target,174.93677571428728,False
2026-04-23 03:15:00,2026-04-23 03:20:00,short,stop,-50.022857142858484,True
2026-04-23 12:15:00,2026-04-23 15:00:00,short,stop,-53.24714285714312,False
2026-04-23 20:45:00,2026-04-23 21:00:00,short,stop,-39.12285714285674,False
2026-04-24 05:30:00,2026-04-24 14:25:00,short,stop,-58.087142857141444,False
2026-04-27 01:15:00,2026-04-27 04:00:00,short,stop,-43.71714285714246,False
2026-04-27 12:15:00,2026-04-28 08:05:00,short,target,154.94606142856813,False
2026-04-28 08:15:00,2026-04-28 14:30:00,short,target,182.98285714285433,False
2026-04-28 14:45:00,2026-04-29 03:00:00,short,stop,-65.43119714285783,False
2026-04-29 04:15:00,2026-04-29 07:35:00,short,stop,-44.99714285714312,False
2026-04-29 09:00:00,2026-04-29 16:30:00,short,target,180.84642857142356,False
2026-04-29 16:30:00,2026-04-30 03:00:00,short,stop,-74.46833999999578,True
2026-04-30 07:00:00,2026-04-30 09:50:00,short,stop,-47.96999999999993,False
2026-05-01 13:00:00,2026-05-01 15:10:00,short,stop,-47.65714285714115,False
2026-05-04 13:15:00,2026-05-04 14:00:00,short,stop,-57.74285714285783,False
2026-05-04 18:15:00,2026-05-06 02:10:00,short,stop,-40.88405428571391,False
2026-05-06 04:00:00,2026-05-06 13:50:00,long,target,194.5342857142872,False
2026-05-06 13:50:00,2026-05-06 15:05:00,long,stop,-73.91571428571537,True
2026-05-06 22:15:00,2026-05-07 11:05:00,long,target,163.9283271428551,False
2026-05-07 15:00:00,2026-05-07 19:10:00,long,stop,-53.762857142860085,False
2026-05-08 04:15:00,2026-05-11 01:00:00,long,stop,-73.99191714285573,False
2026-05-11 16:00:00,2026-05-12 17:30:00,long,stop,-59.9673057142874,False
2026-05-15 03:30:00,2026-05-15 12:10:00,short,target,166.19857142857052,False
2026-05-15 12:15:00,2026-05-19 02:10:00,short,stop,-40.89810857142946,False
2026-05-19 04:00:00,2026-05-19 16:25:00,short,target,141.35714285714437,False
2026-05-19 16:25:00,2026-05-21 04:10:00,short,stop,-132.31668000000292,True
2026-05-22 13:45:00,2026-05-25 01:00:00,short,stop,-53.13501999999847,False
2026-05-25 23:15:00,2026-05-26 02:30:00,long,stop,-63.31763142857152,False
2026-05-26 18:30:00,2026-05-27 01:00:00,short,stop,-62.7769114285729,False
2026-05-27 05:15:00,2026-05-27 14:55:00,short,target,148.06571428571567,False
2026-05-27 15:00:00,2026-05-27 15:20:00,short,stop,-65.09571428571566,False
2026-05-27 16:15:00,2026-05-28 01:00:00,short,stop,-46.82345571428594,False
2026-05-28 03:00:00,2026-05-28 05:55:00,short,target,160.01785714285236,False
2026-05-28 06:00:00,2026-05-28 15:55:00,short,stop,-68.31428571428536,False
2026-05-29 17:15:00,2026-06-01 06:40:00,long,stop,-69.66620285714109,False
2026-06-03 08:00:00,2026-06-04 14:25:00,short,stop,-61.14393857142564,False
2026-06-05 04:45:00,2026-06-05 14:50:00,short,stop,-57.25142857142659,False
2026-06-05 16:00:00,2026-06-08 04:30:00,short,target,189.664979999999,False
2026-06-08 04:30:00,2026-06-09 16:45:00,short,stop,-43.69559857142848,True
2026-06-09 17:15:00,2026-06-10 02:15:00,short,target,176.83166000000168,False
2026-06-10 02:30:00,2026-06-10 15:05:00,short,target,156.3642857142853,False
2026-06-10 15:05:00,2026-06-10 16:50:00,short,stop,-40.78000000000004,True
2026-06-10 18:00:00,2026-06-11 22:10:00,short,stop,-59.64416999999956,False
2026-06-12 03:45:00,2026-06-15 01:00:00,short,stop,-71.12750999999965,False
2026-06-15 04:45:00,2026-06-17 21:05:00,long,stop,-68.50889714285557,False
2026-06-18 12:00:00,2026-06-19 05:15:00,short,target,179.7130885714287,False
2026-06-19 05:15:00,2026-06-22 04:00:00,short,stop,-55.39644857143015,True
2026-06-22 07:00:00,2026-06-22 09:50:00,short,stop,-68.2514285714284,False
2026-06-22 16:00:00,2026-06-23 06:20:00,short,target,123.01451714285943,False
2026-06-23 06:20:00,2026-06-24 15:20:00,short,target,95.07082999999695,True
2026-06-24 15:30:00,2026-06-26 12:25:00,short,stop,-36.309054285713636,False
2026-06-26 15:45:00,2026-06-26 16:50:00,short,stop,-54.60857142857152,False
2026-06-29 08:00:00,2026-06-30 04:05:00,short,target,156.90166000000139,False
2026-06-30 04:05:00,2026-06-30 09:25:00,short,stop,-75.87857142857469,True
2026-06-30 15:30:00,2026-06-30 17:05:00,short,stop,-60.68571428571337,False
2026-06-30 23:00:00,2026-07-01 05:05:00,short,target,169.36617714285973,False
2026-07-01 08:15:00,2026-07-01 13:30:00,short,stop,-41.31999999999938,False
2026-07-02 15:45:00,2026-07-07 22:15:00,long,stop,-42.29969285714344,False
2026-07-08 12:00:00,2026-07-09 09:00:00,short,stop,-37.35059857142913,False
2026-07-13 06:15:00,2026-07-14 15:30:00,short,stop,-35.23917000000027,False
2026-07-15 08:15:00,2026-07-15 15:30:00,short,stop,-60.308571428572996,False
2026-07-16 14:15:00,2026-07-16 14:45:00,short,stop,-56.86571428571486,False
2026-07-16 20:45:00,2026-07-17 18:00:00,short,stop,-65.04834000000025,False
2026-07-21 08:30:00,2026-07-22 04:10:00,long,target,124.7726942857133,False
2026-07-22 04:15:00,2026-07-23 10:40:00,long,stop,-47.21873428571522,False
2026-07-24 03:15:00,2026-07-24 03:55:00,short,stop,-49.49285714285825,False
2026-07-27 09:45:00,2026-07-27 15:15:00,long,stop,-48.77571428571533,False
2026-07-28 12:15:00,2026-07-29 21:00:00,short,stop,-50.63322428571424,False
2026-07-30 22:30:00,2026-07-31 03:35:00,long,stop,-45.584448571428005,False
2026-07-31 16:00:00,2026-08-03 01:00:00,short,stop,-94.91252999999956,False
2026-08-03 21:00:00,2026-08-03 21:55:00,short,stop,-45.50785714285663,False
2026-08-04 20:00:00,2026-08-05 02:25:00,long,stop,-54.55016285714297,False
2026-08-05 08:45:00,2026-08-05 17:25:00,long,target,164.3357142857143,False
2026-08-05 17:25:00,2026-08-07 15:30:00,long,target,112.72412285714395,True
2026-08-07 15:45:00,2026-08-07 17:10:00,long,stop,-38.9407142857138,False
2026-08-07 22:15:00,2026-08-10 04:30:00,long,stop,-64.79763142857175,False
2026-08-10 07:30:00,2026-08-11 03:20:00,long,target,147.20412285714414,False
2026-08-11 03:20:00,2026-08-11 08:30:00,long,stop,-63.08571428571937,True
2026-08-11 13:30:00,2026-08-12 16:00:00,long,target,120.9341228571437,False
2026-08-13 03:00:00,2026-08-13 05:30:00,long,stop,-56.34571428571624,False
2026-08-13 13:00:00,2026-08-13 17:30:00,long,stop,-59.451428571427606,False
2026-08-14 16:45:00,2026-08-17 01:00:00,long,stop,-58.424774285713475,False
2026-08-17 03:30:00,2026-08-18 17:55:00,long,stop,-46.55016285714479,False
2026-08-19 07:45:00,2026-08-19 13:15:00,short,stop,-61.5235714285736,False
2026-08-19 16:00:00,2026-08-20 18:00:00,long,target,190.37555142857022,False
2026-08-20 18:00:00,2026-08-21 20:00:00,long,target,92.2970614285736,True
2026-08-21 20:00:00,2026-08-26 18:05:00,long,stop,-44.763978571427856,True
2026-08-27 20:00:00,2026-08-28 04:35:00,long,stop,-68.66730571428448,False
2026-08-28 21:30:00,2026-09-04 21:30:00,short,time_stop,27.28581000000033,False
2026-09-07 04:00:00,2026-09-08 04:20:00,short,stop,-42.15119714285717,False
2026-09-08 22:00:00,2026-09-09 09:00:00,short,stop,-53.936911428572756,False
2026-09-10 21:00:00,2026-09-11 15:50:00,short,stop,-58.76976857142833,False
2026-09-11 21:15:00,2026-09-14 16:05:00,short,target,178.34783714285857,False
2026-09-14 16:05:00,2026-09-14 19:20:00,short,stop,-89.0971428571453,True
2026-09-14 22:30:00,2026-09-16 05:55:00,short,stop,-46.490965714282815,False
2026-09-18 07:45:00,2026-09-21 17:00:00,long,stop,-58.01477428571544,False
