entry_time,side,reason,usd,R,hold_h,stop,mfe_R,breakout_atr,channel_atr,ema_dist_pct,h4_trend_age,with_d1,hour,after_stop_went_to_target,prev_loss
2026-03-23 03:15:03.302,short,target,158.424285714286,3.098854454688861,5.8475336111111105,52.88142857142858,3.1396655590674674,0.43342248156252666,3.3429505362401177,7.266307403353189,38.0,True,3,False,False
2026-03-23 09:05:57.482,short,target,110.69000000000023,2.1651490997290916,0.6955197222222222,47.83000000000019,2.392849675935592,0.4152205728621928,2.576625548818756,8.987816956561941,40.0,True,9,False,False
2026-03-23 09:47:44.362,short,stop,-72.85999999999997,-1.4251762887908686,1.402314722222222,60.235714285714494,1.1961342345547243,1.8640104351950413,4.738052887465916,8.987816956561941,40.0,True,9,False,False
2026-03-23 19:00:03.006,short,stop,-93.42999999999968,-1.8275352822087627,2.703594166666667,93.52714285714319,0.12327972017291282,0.8085353373352331,2.3798438955841603,5.194359959391953,42.0,True,19,False,True
2026-03-24 03:45:03.017,short,stop,-52.80999999999978,-1.032988742945999,6.1886425,53.7642857142859,0.7486382356848653,0.5884947522253093,3.2809884416101855,5.98543971234906,44.0,True,3,False,True
2026-03-24 15:45:03.035,short,stop,-50.6300000000004,-0.9903469050436766,1.9651072222222223,50.50142857142873,0.3613759158156759,0.21781562049164027,2.653786314389975,4.643629911076446,47.0,True,15,False,True
2026-03-24 20:45:03.016,short,stop,-43.80999999999978,-0.8569444580281042,0.7810538888888888,41.02000000000031,0.07264748902975257,0.5002437835202409,2.078498293515304,3.812122060941401,49.0,True,20,False,True
2026-03-26 06:00:03.783,short,target,165.36571428571312,3.2346321023739204,3.1097741666666665,27.49428571428559,3.1242855658318622,0.2189545879662814,2.3728566974955863,0.7298050211358561,57.0,True,6,False,True
2026-03-26 09:06:41.989,short,stop,-82.20000000000131,-1.6078711355834658,8.270185277777777,28.4985714285714,0.4902000100255427,2.8829515263922985,3.1005062910421812,0.9993613960183744,58.0,True,9,False,False
2026-03-26 19:30:03.006,short,stop,-48.660000000000146,-0.9518127671227546,10.296916111111111,44.437142857143044,0.9366038706358838,1.3236674596540738,2.413296470134364,2.6725553799886463,60.0,True,19,False,True
2026-03-27 11:30:03.119,short,stop,-51.69999999999949,-1.0112766144727863,5.582931111111111,25.917142857142867,1.1583066916547402,0.6891191709844782,2.3181567633116487,1.5219223083834261,64.0,True,11,False,True
2026-03-30 14:30:03.010,long,stop,-47.980000000000146,-0.9385116433734025,2.4734672222222223,21.447142857143003,1.642176780123851,0.24059148737759764,1.607673349763507,0.8096824653840644,1.0,False,14,True,False
2026-03-31 04:00:03.024,long,target,184.69428571428523,3.6127081618880794,15.681078333333332,31.375714285714302,3.2627145654054495,0.6610208077220707,3.477211674179311,0.8097911912309658,5.0,False,4,False,True
2026-03-31 19:45:03.033,long,target,119.57000000000033,2.33884612751475,18.908930833333333,38.900000000000155,3.081491002570679,0.5835475578406334,1.8226221079691352,1.165755567520465,8.0,False,19,False,False
2026-04-01 14:39:38.692,long,stop,-73.03999999999964,-1.42869717448922,1.3396444444444444,23.07714285714272,0.2357310882753732,0.4055961371796735,2.3685774421196064,3.38779389359238,13.0,False,14,False,False
2026-04-01 18:00:03.070,long,stop,-38.76999999999982,-0.7583596584740837,10.335593055555556,37.35285714285744,1.0261597888859042,0.22488239568591803,2.167973381267469,3.0946234524936873,14.0,False,18,False,True
2026-04-02 22:15:03.087,long,stop,-57.87999999999978,-1.1321603567830798,74.749385,26.88571428571387,0.080712008501598,0.1829968119022372,1.952709883103112,0.8431657490059776,1.0,False,22,False,True
2026-04-06 08:15:03.804,long,stop,-57.44000000000109,-1.1235537472982307,0.7509838888888889,27.87428571428609,0.15462279622794192,0.5130176301763341,2.944649446494423,0.7117482449766888,1.0,False,8,False,True
2026-04-06 11:00:03.001,long,stop,-56.90000000000022,-1.11299109020314,7.26150611111111,28.125714285714302,0.7715359609914599,0.4287891101178199,2.512291751320595,0.7117482449766888,1.0,False,11,False,True
2026-04-08 01:15:03.015,long,target,200.26571428571276,3.917292718333306,1.7296133333333334,34.00428571428568,3.0119732806789115,0.7804898542200293,3.6077805318657434,1.262009817897014,11.0,False,1,False,True
2026-04-08 03:00:03.009,long,stop,-50.049999999999564,-0.979001828904507,9.73517611111111,50.754285714285935,0.4878405764467484,0.17220220671019534,4.956822787660414,1.262009817897014,11.0,False,3,False,False
2026-04-08 15:15:03.086,long,stop,-53.16000000000044,-1.0398349095817079,0.10608055555555555,25.735714285714103,-0.004274215931191119,0.11890091590339488,2.5388842631140953,2.4637086168377698,14.0,False,15,False,True
2026-04-08 15:21:27.980,long,stop,-4.299999999999854,-0.08411004723854694,5.6388888888888896e-05,25.735714285714103,0.5035803497085812,0.11890091590339488,2.5388842631140953,2.4637086168377698,14.0,False,15,False,True
2026-04-09 13:30:03.392,long,stop,-85.16000000000044,-1.6657701448453341,83.5007925,22.961428571428637,2.6919056803334485,0.4085111677968905,1.907546817644539,0.6473263913414647,20.0,False,13,False,True
2026-04-14 04:15:03.036,long,stop,-53.48999999999793,-1.0462898666953149,4.392926111111111,16.627142857142776,0.006615688633079116,0.024057049574793366,3.536386287481716,0.8825734872401446,6.0,False,4,True,True
2026-04-14 10:00:03.051,long,stop,-58.23999999999913,-1.1392021281797828,0.4228788888888889,13.858571428571329,1.0073188331099985,0.7691990516441555,2.708792907947717,0.9097296319017064,7.0,False,10,True,True
2026-04-14 16:45:03.027,long,target,142.76857142857023,2.7926212295435606,11.521491666666668,23.911428571428587,3.2745847771537493,0.04600310670324895,2.5293344485602187,0.7254280946651626,9.0,False,16,False,True
2026-04-15 04:16:23.399,long,stop,-104.37000000000076,-2.041526890764536,1.2406441666666668,18.057142857142804,0.26803797468350277,0.6778481012658127,1.8773734177215045,1.693618975320565,12.0,True,4,False,False
2026-04-15 15:00:03.013,long,stop,-41.93999999999927,-0.820366367717376,3.5221825,20.5971428571429,0.8603134970176275,0.38743237619648746,2.170203911776888,1.1699172460113216,14.0,True,15,False,True
2026-04-16 07:45:03.027,long,stop,-57.48000000000073,-1.124336166342303,1.6872266666666667,13.767142857142971,0.5324271038704894,0.0610148386427412,2.559717754487874,1.2371470420487634,18.0,True,7,False,True
2026-04-16 15:00:03.011,long,stop,-56.23999999999913,-1.1000811759758062,1.8002866666666668,12.671428571428416,0.04340473506202165,0.2399098083426566,2.440135287485943,0.7121332362788473,20.0,True,15,True,True
2026-04-17 16:00:03.017,long,stop,-56.009999999998364,-1.095582266472334,7.9888433333333335,18.698571428571476,2.4258537703415333,2.2793185117274417,4.58002903201157,1.1724434675505662,27.0,True,16,False,True
2026-04-21 20:00:03.094,short,stop,-67.09999999999913,-1.3125079464433993,7.009968611111111,33.02571428571446,1.275975430400557,0.5232286529976262,3.695907950514771,1.7033650483848992,4.0,False,20,False,False
2026-04-22 11:15:03.117,short,target,155.97714285714275,3.0509871753135593,15.909447222222223,13.07142857142883,3.3378142076502155,0.1300546448086571,2.0640437158470593,0.5705850783770813,7.0,True,11,False,True
2026-04-23 03:15:03.013,short,stop,-61.319999999997236,-1.1994483945738699,0.05628416666666666,14.011428571428691,0.2819127243067379,3.4743066884176095,3.2944535073409074,0.700211351104458,11.0,True,3,False,False
2026-04-23 12:15:03.156,short,stop,-54.72000000000022,-1.0703492523008054,2.650790833333333,17.69571428571427,0.6956486639218253,0.5165092435617662,2.646968596108834,1.256930778749055,14.0,True,12,False,True
2026-04-23 20:45:03.099,short,stop,-54.16000000000044,-1.0593953856836962,0.13861333333333334,26.028571428571272,0.4671789242590532,2.088474204171275,2.806915477497253,0.5535151024570656,16.0,True,20,False,True
2026-04-24 05:30:03.174,short,stop,-55.23000000000044,-1.0803250951128236,8.628045833333333,19.335714285714207,1.403620243812361,0.672330993719988,2.1607683782785796,1.0015016596341197,18.0,True,5,False,True
2026-04-27 01:15:03.038,short,stop,-44.10000000000033,-0.8626169960976915,2.7685416666666667,14.88571428571439,0.9042226487523954,2.654894433781201,2.828214971209218,0.5872619982834449,23.0,True,1,False,True
2026-04-27 12:15:03.336,short,target,138.4342857142826,2.707840537410048,5.790855277777778,11.59285714285683,3.197658656808519,0.03795440542210287,2.2324091189155797,0.5484866122577635,26.0,True,12,False,True
2026-04-27 18:02:33.428,short,stop,-82.67999999999934,-1.6172601641123816,9.00783,19.312857142857215,0.15119461498631875,0.560248539093111,3.0083586064058068,0.6636240599593436,27.0,True,18,True,False
2026-04-28 05:00:03.009,short,target,129.81142857142797,2.539173346336381,3.6662227777777776,11.394285714285745,3.9116098294884294,2.3187061183550655,3.0752256770311615,0.6681735435714081,30.0,True,5,False,True
2026-04-28 08:45:03.024,short,stop,-44.04000000000175,-0.8614433675315999,0.3636936111111111,15.364285714285481,0.11520223152019411,3.061645746164678,3.56410971641104,1.0883013497579914,31.0,True,8,True,False
2026-04-28 11:15:03.003,short,target,161.78571428571502,3.164605597928839,29.08427,26.894285714285616,3.1947306915967424,0.02379687665998446,2.8236481461807754,1.0883013497579914,31.0,True,11,False,True
2026-04-29 16:30:03.001,short,stop,-54.3900000000012,-1.0638942951871684,2.255095,19.248571428571136,1.4962149324625527,0.38340507644357963,3.1846519222205836,2.6410020001722794,39.0,True,16,False,False
2026-04-29 21:15:03.249,short,stop,-48.43999999999927,-0.9475094623803001,0.9974852777777778,23.892857142857014,0.30176382660687906,1.2229596412555845,2.0750971599402175,2.45984136046682,40.0,True,21,False,True
2026-04-30 07:00:03.166,short,stop,-48.29999999999924,-0.9447709957260211,2.509163611111111,15.909999999999984,0.9516027655562754,0.18478944060331196,3.123821495914568,1.6367895811443989,42.0,True,7,False,True
2026-05-01 13:00:03.028,short,stop,-50.46,-0.9870216241063308,1.9157952777777778,15.845714285714166,0.026505589614141106,0.21204471691312884,4.2636134150739275,1.2961390370495185,5.0,True,13,False,True
2026-05-04 13:15:03.102,short,stop,-57.36000000000055,-1.1219889092100608,0.35961916666666666,19.194285714285797,0.8398332837153821,3.1509377791008863,1.945370646025602,0.9479312776588068,4.0,True,13,False,True
2026-05-04 18:15:03.018,short,stop,-57.52000000000102,-1.1251185853863883,21.250216666666667,26.59714285714303,1.7212375120850583,0.36394886668815984,2.247609839939853,1.058542738039671,5.0,True,18,False,True
2026-05-05 19:30:03.062,short,stop,-59.73000000000044,-1.168347237571771,6.640816111111111,20.094285714285693,0.6847717901322453,0.2657471918100459,2.4176027299872023,0.5814558632331054,11.0,True,19,False,True
2026-05-06 04:00:03.004,long,target,124.34285714285885,2.4322054855958384,7.835051666666667,21.77714285714306,3.7227105746522744,0.7282865389660871,5.925478876935173,0.6398597153521969,1.0,False,4,False,False
2026-05-06 12:00:03.006,long,stop,-64.04999999999923,-1.252848494332337,3.1726405555555552,20.30571428571407,1.0770367243563193,1.7561559026312201,2.455466441536568,2.1328337667534494,3.0,False,12,False,False
2026-05-06 22:15:03.154,long,target,148.05142857142957,2.895956430436679,11.329653333333333,12.574285714285647,3.0156782549420806,0.5121563281072916,2.0899795501023126,1.5545000902558153,5.0,False,22,False,True
2026-05-07 09:34:52.988,long,target,84.30857142856868,1.6491157966212933,6.9678161111111105,12.275714285714198,2.0455021529151516,1.160013964855105,2.9342488071686823,1.516527735644396,8.0,False,9,False,False
2026-05-07 18:00:03.010,long,stop,-52.119999999999564,-1.0194920144356228,0.44615305555555557,24.867142857142817,0.03579019934510428,0.2605848221979492,2.272074452806346,2.3259163079585368,10.0,False,18,False,False
2026-05-08 04:15:03.236,long,stop,-64.06000000000007,-1.2530440990933733,68.74977138888889,22.074285714285647,1.5660755889205196,0.4194926223142747,2.51333160755888,1.0802319562190763,13.0,False,4,False,True
2026-05-11 16:00:03.009,long,target,168.61285714285444,3.298147762630775,10.53149,18.821428571428573,3.0693738140417204,0.1551423149905162,4.052827324478116,0.596463277540686,1.0,False,16,False,True
2026-05-12 02:45:03.125,long,stop,-55.5200000000016,-1.085997633182423,1.3319569444444446,12.571428571428442,1.323636363636331,0.08909090909097368,4.0456818181817615,1.1972555972874768,3.0,True,2,False,False
2026-05-15 03:30:03.301,short,target,166.0585714285726,3.248184717958915,5.0361472222222226,18.464285714285715,3.393578336557101,1.351798839458465,2.471798839458382,0.8537864993676086,2.0,True,3,False,False
2026-05-15 08:45:03.022,short,target,137.00571428571254,2.67989700012152,66.81579,22.784285714285684,3.565615399084577,1.0709135368988507,3.6332058436265933,1.6250050226917876,4.0,True,8,False,False
2026-05-18 03:34:02.903,short,stop,-82.8999999999984,-1.6215634688548006,1.8266919444444445,23.561428571429,0.7631116231128419,0.6103195294973947,2.723943491178038,2.4246565491166896,8.0,True,3,False,False
2026-05-18 13:15:03.057,short,stop,-52.58999999999738,-1.0286854382035147,1.4158350000000002,17.088571428571413,0.5202307306470686,0.11469653904024328,2.322019729142303,1.7275906243665133,11.0,True,13,False,True
2026-05-19 04:00:03.047,short,target,143.4471428571451,2.805894409755692,12.128160277777777,15.748571428571527,3.1152031930333877,0.6121190130624841,2.7088171262699303,1.0925031032483752,15.0,True,4,False,True
2026-05-19 16:15:03.134,short,target,132.62571428571698,2.5942221147948983,12.357552777777778,21.81428571428608,3.1763588736083275,0.10176817288806739,2.061951538965237,1.3835176234432418,18.0,True,16,False,False
2026-05-20 04:36:33.337,short,stop,-75.64,-1.4795544123543967,8.986921944444445,20.795714285714116,0.15628220100295517,0.5549220306381399,2.8477021364292887,1.7856030223353012,21.0,True,4,False,False
2026-05-20 16:30:03.033,short,stop,-49.86000000000055,-0.9752853384451484,0.8589222222222221,16.24000000000004,1.3780788177339933,0.0751231527094311,1.9901477832512087,1.4905651431911036,24.0,True,16,False,True
2026-05-22 13:45:04.075,short,stop,-50.79000000000175,-0.993476581220021,1.453887222222222,16.69428571428593,0.13238062639055329,0.27674139996570646,2.6332363511894803,0.5260236654665116,35.0,True,13,False,True
2026-05-22 22:15:03.184,short,stop,-121.75999999999956,-2.3816835701780894,50.749725000000005,14.318571428571365,0.24932654893748818,0.6313478998304539,2.241843759353395,0.6142973624529173,37.0,True,22,False,True
2026-05-26 18:30:03.008,short,stop,-60.740000000000364,-1.1881033184347778,6.501192777777778,20.55285714285713,1.160909154097434,0.17223882671851948,2.290679085285325,0.535361790295515,3.0,True,18,True,True
2026-05-27 05:15:03.473,short,target,148.0157142857161,2.895257842004481,8.522986944444444,16.462857142857242,3.6536792780284735,0.31829225963205704,2.587643179451586,0.5108679827750918,6.0,True,5,False,True
2026-05-27 13:46:29.231,short,target,107.48571428571543,2.1024717455908815,2.3480374999999998,16.132857142857183,2.579208359160515,1.3463207296554949,2.7422296998140236,0.8009354369674017,8.0,True,13,False,False
2026-05-27 16:15:03.095,short,stop,-62.799999999999855,-1.2283978992048639,0.8760463888888889,30.84285714285735,0.4775822139879695,0.5433997220935652,3.3829550717924786,2.0017801326221645,9.0,True,16,False,False
2026-05-28 03:00:03.086,short,stop,-52.84000000000131,-1.0335755572290886,0.9996897222222222,11.864285714285481,0.20397350993378496,0.35400361228167293,3.054545454545496,1.4058815795467998,11.0,True,3,True,True
2026-05-28 04:15:03.011,short,target,146.86285714285444,2.872707407412529,2.0132302777777777,16.38142857142819,3.365396354757214,0.6421906339932394,2.308711956047825,1.2881491861101366,12.0,True,4,False,True
2026-05-28 06:30:03.030,short,stop,-49.119999999999564,-0.9608105861296579,9.335165555555555,23.878571428571245,0.876518097517219,0.21441818725699,5.7306610828596805,1.2881491861101366,12.0,True,6,False,False
2026-05-29 17:15:03.039,long,stop,-50.21999999999993,-0.9823271098418521,55.75035944444444,20.725714285714275,2.443824097049931,0.313620071684588,2.70002757099536,0.5325770713842202,6.0,False,17,False,False
2026-06-03 08:00:03.078,short,target,160.33714285714697,3.136270851118311,8.745130555555557,13.221428571428598,3.2205294435440184,0.21934089681264338,2.6094003241491035,0.6960049296911223,4.0,True,8,False,False
2026-06-03 16:45:03.136,short,stop,-44.299999999999855,-0.8665290913180799,0.1708852777777778,21.542857142857038,0.021816976127332882,1.704509283819691,2.0795755968169525,0.7646438312950937,6.0,True,16,False,False
2026-06-03 23:45:03.034,short,stop,-50.40000000000109,-0.9858479955402328,2.1905591666666666,10.672857142856888,0.9603801365279309,0.34479989291932345,3.2231294338107777,1.1096106498469003,7.0,True,23,False,True
2026-06-05 04:45:03.139,short,stop,-58.07999999999989,-1.1360724520034797,5.643751666666667,19.0371428571425,0.9040222122167382,0.3487918355096018,2.590724898694315,0.510027782610934,3.0,True,4,True,True
2026-06-05 16:00:03.015,short,target,122.75999999999964,2.4012440462800795,2.634675,21.399999999999896,3.141588785046724,3.138317757009354,3.381308411214997,1.543186764932492,6.0,True,16,False,True
2026-06-05 18:45:03.054,short,target,125.8314285714302,2.461322651450511,104.01220416666666,41.99714285714332,3.0294918021633688,0.27287570583034815,3.6431049731273837,1.543186764932492,6.0,True,18,False,False
2026-06-10 02:45:49.991,short,target,139.36714285714336,2.726087667259545,8.29548,17.318571428571367,2.985812092716337,0.47694465066404135,4.520003299513376,2.726659828364618,20.0,True,2,False,False
2026-06-10 11:15:03.039,short,target,139.2257142857137,2.723321257067957,10.830898333333332,22.99428571428572,3.0898981113319954,1.3351143141153394,3.520874751491015,4.297666046804205,22.0,True,11,False,False
2026-06-10 22:15:03.058,short,stop,-45.93999999999927,-0.8986082721253293,6.326949166666666,23.96285714285711,2.7609395493024897,0.6752116370574016,3.1665673065458155,4.717239953164983,25.0,True,22,False,False
2026-06-11 12:30:03.008,short,stop,-59.31000000000082,-1.1601318376089433,6.697529722222222,19.72857142857161,1.3498189717595876,0.1317885590151775,3.23388848660389,4.315586800590266,29.0,True,12,False,True
2026-06-12 03:45:03.011,short,stop,-56.45999999999971,-1.104384480718255,14.670518611111111,28.062857142857215,1.2015882712278618,0.10333944206881186,2.9419670128283837,0.5750774145834825,32.0,True,3,False,True
2026-06-15 04:45:03.033,long,target,126.26571428571457,2.4698174867862055,63.81477166666667,21.034285714285552,3.077356696549897,0.917549578918831,2.5786471067644756,1.4257808231841902,1.0,False,4,False,False
2026-06-17 20:45:03.026,long,stop,-71.2600000000008,-1.3938795270277036,0.2533936111111111,21.681428571428505,0.19279172431966635,0.922448441721028,2.081043684522592,1.3691361623803833,17.0,False,20,False,False
2026-06-18 12:00:03.039,short,target,181.13142857142978,3.543016979890457,10.195821944444445,20.08571428571434,3.1325746799430965,1.4378378378378847,2.817923186344159,0.7075010067197557,1.0,True,12,False,False
2026-06-18 22:15:03.018,short,target,145.03285714285542,2.8369117361459097,8.465398055555555,16.111428571428537,3.0791807057989433,0.8118460719985785,2.3734704734881986,1.6456261871227655,3.0,True,22,False,False
2026-06-19 06:45:03.040,short,stop,-59.0399999999984,-1.1548505090613592,4.6439275,14.035714285714416,2.8406106870228665,0.41180661577599464,4.187888040712476,2.0849911507409646,5.0,True,6,False,False
2026-06-19 13:45:03.000,short,stop,-47.81999999999967,-0.9353819671970752,2.111788333333333,15.859999999999932,0.5945775535939679,0.18789407313994805,3.253467843631815,2.215739084117415,7.0,True,13,False,True
2026-06-22 07:00:03.473,short,stop,-44.70000000000131,-0.8743532817589036,1.4981833333333334,22.71714285714279,0.05546472141865921,0.1989686831845249,3.627216702301592,0.9532044431690037,11.0,True,7,False,True
2026-06-22 16:00:03.046,short,stop,-58.72000000000233,-1.1485911567087999,1.136258611111111,13.781428571428867,0.6965896133512464,1.092774955944793,2.0650979579144018,0.9171474902319217,14.0,True,16,True,True
2026-06-22 18:45:03.006,short,target,134.96857142857095,2.640049515948066,14.429655,22.5814285714284,3.0781932055418815,0.17979376225728716,2.4595432403365365,0.9171474902319217,14.0,True,18,False,True
2026-06-23 10:45:03.082,short,stop,-51.27999999999942,-1.0030612145099498,2.287728611111111,25.834285714285734,0.5577858880778704,0.3948241539482694,2.1227604512276086,2.415989884069649,18.0,True,10,False,False
2026-06-23 21:15:03.078,short,target,146.138571428573,2.8585400340073153,6.814572222222222,16.264285714285897,3.394554238032463,0.28774703557302533,2.1162933684672622,1.5807869539481518,21.0,True,21,False,True
2026-06-24 05:45:03.223,short,stop,-57.0199999999992,-1.1153383473353584,2.8104263888888887,28.42142857142861,0.23995978889168676,0.7909525006283141,3.059663231967828,2.2039029103838192,23.0,True,5,True,False
2026-06-24 12:30:03.186,short,target,175.78285714285678,3.4383963762820775,2.931821944444444,19.151428571428564,3.357451887214691,0.06056989407727126,2.574220498284361,2.3737529352441022,25.0,True,12,False,True
2026-06-24 15:30:03.011,short,stop,-46.14,-0.9025203673457413,1.4520291666666667,23.547142857142717,2.17860826305893,1.7021173330098134,3.035612449190074,2.3737529352441022,25.0,True,15,False,False
2026-06-24 20:30:03.027,short,stop,-58.53999999999964,-1.1450702710103893,6.148601388888889,28.624285714285765,1.0795029195987436,0.34655886609772113,1.8774267604930768,3.6052063184844156,27.0,True,20,False,True
2026-06-25 03:45:03.020,short,stop,-57.7799999999988,-1.1302043091728617,0.2898325,18.390000000000004,0.34910277324633343,0.5709624796084828,3.027732463295235,3.5597185390153676,28.0,True,3,False,True
2026-06-25 14:30:03.040,short,stop,-47.97000000000022,-0.9383160386123841,1.0027705555555555,15.54857142857145,0.2064498346196272,0.5158030135979108,2.388643880926148,3.135110464032486,31.0,True,14,False,True
2026-06-26 03:00:03.064,short,stop,-51.45000000000115,-1.0063864954473216,6.9515375,16.12571428571443,1.9341778880226368,0.6647767540750774,2.067505315379154,1.7681993461513092,34.0,True,3,False,True
2026-06-26 15:45:03.039,short,stop,-54.81000000000082,-1.072109695149996,0.2242561111111111,18.142857142857206,0.056220472440943685,0.1896062992125757,1.505826771653522,1.310319454737686,37.0,True,15,False,True
2026-06-29 08:00:03.139,short,target,158.01000000000207,3.090750828875215,19.617541944444444,17.560000000000205,3.238041002277874,0.07175398633258563,2.5888382687926828,0.685030284857817,2.0,True,8,False,True
2026-06-30 03:45:03.129,short,target,169.79428571428863,3.32125706796852,0.37570138888888893,14.12285714285729,3.442646166295728,1.614404207970864,3.0234675298401337,1.3147309669634721,6.0,True,3,False,False
2026-06-30 04:07:38.661,short,stop,-177.6000000000003,-3.473940555713132,5.281046388888889,15.612857142857333,0.01665294171468865,0.4893402873089512,4.022325921859236,1.913086381489639,7.0,True,4,False,False
2026-06-30 15:30:03.008,short,stop,-53.92000000000124,-1.0547008714192345,0.8276066666666667,13.42571428571416,0.6130027665460808,0.20855501170463353,2.840817195147887,0.9968895940743587,9.0,True,15,True,True
2026-06-30 23:00:03.058,short,target,140.08571428571568,2.7401432665157057,5.084315,9.535714285714416,3.4218726591759947,0.9815730337079128,2.722397003745285,0.6166956598826313,11.0,True,23,False,True
2026-07-01 04:15:03.192,short,stop,-48.269999999999946,-0.9441841814429752,9.710072499999999,14.789999999999834,1.5510480054090814,1.1737660581474494,3.4104124408384155,1.204957061298186,13.0,True,4,False,False
2026-07-02 15:45:03.229,long,stop,-50.919999999998836,-0.9960194431132227,3.75893,24.321428571428637,0.4382966226137961,4.8516886930983345,1.3247577092511083,0.8382090400822958,3.0,False,15,False,False
2026-07-03 02:30:03.036,long,target,142.34285714285826,2.7842940554316167,1.6320325,12.248571428571656,3.6975740611149273,0.4359692092372326,3.09587123862836,1.6103450374359556,6.0,False,2,False,True
2026-07-03 04:08:01.446,long,target,86.88428571428815,1.699497994352659,0.45263194444444443,15.877142857142903,1.863055605542549,0.8099694079539663,2.819147021774344,2.05840114711649,7.0,False,4,False,False
2026-07-03 04:35:14.051,long,stop,-57.0199999999992,-1.1153383473353584,4.473522222222222,20.948571428571604,0.024345335515558498,0.7895526459355728,5.555510092744138,2.05840114711649,7.0,False,4,False,False
2026-07-03 11:15:05.349,long,stop,-58.16000000000102,-1.1376372900916607,1.3104283333333335,14.025714285714198,0.15542880423713723,0.29944998981455023,3.052963943776735,2.6177863098653673,8.0,False,11,False,True
2026-07-06 01:00:13.913,long,stop,-71.85000000000092,-1.405420207927879,5.367616666666666,11.228571428571481,2.221119592875272,0.09262086513986444,2.335114503816887,2.0569607320865737,11.0,False,1,False,True
2026-07-06 10:45:03.256,long,stop,-47.06999999999967,-0.920711610120584,0.9971386111111111,14.650000000000157,0.1235494880546335,0.34812286689421906,2.2088737201364106,1.4563113437141508,13.0,False,10,False,True
2026-07-06 18:30:03.005,long,stop,-45.90000000000022,-0.8978258530812683,9.9629675,21.607142857142858,0.80714049586775,0.016661157024736143,2.0317355371900656,0.8417872320327061,15.0,False,18,False,True
2026-07-08 12:00:03.122,short,stop,-53.90000000000022,-1.0543096618971748,3.7733155555555555,24.534285714286007,0.5653313147781418,0.32688948410385477,5.9451496448118775,1.4516482492600462,1.0,True,12,False,False
2026-07-08 17:46:27.068,short,stop,-53.19999999999949,-1.0406173286257687,2.3351272222222224,28.557142857142935,0.5809404702351211,1.0638319159579799,2.4463231615807723,0.9988404267310192,2.0,True,17,False,True
2026-07-09 06:15:03.078,short,stop,-58.79999999999924,-1.1501559947968985,2.5765591666666663,19.430000000000096,0.2372619660319148,0.3437982501286803,2.082346886258355,0.7649790170280595,5.0,True,6,False,True
2026-07-13 06:15:03.143,short,target,139.50000000000034,2.7286864162273776,13.669075555555555,23.120000000000086,3.115916955017288,0.26816608996538904,2.478373702422144,0.7683350511894792,1.0,True,6,False,True
2026-07-14 02:45:03.127,short,stop,-52.90000000000109,-1.0347491857952036,0.822963611111111,9.859999999999932,1.1602434077078783,0.2555780933063341,3.5862068965517158,2.1132153507831,6.0,True,2,False,False
2026-07-14 11:15:03.902,short,stop,-48.16000000000102,-0.9420325290717776,3.3011416666666666,12.03285714285708,0.3033361035260309,0.47702718746288353,2.308678618069562,1.4019922084363199,8.0,True,11,False,True
2026-07-15 08:15:03.066,short,stop,-52.47999999999891,-1.0265337858323258,6.462424166666667,13.308571428571538,0.6747531129239975,0.29454701588664967,2.0828681837697918,0.8582285216705183,4.0,True,8,False,True
2026-07-16 14:15:03.426,short,stop,-49.00000000000009,-0.9584633289974296,0.5161619444444444,9.424285714285816,0.68758526602996,0.12733060482035222,1.9311808397756156,0.5765328440860059,5.0,True,14,True,True
2026-07-16 15:45:03.106,short,stop,-60.059999999999455,-1.174802194685408,27.171835833333333,18.877142857142776,2.227561677009252,1.067958226123805,3.232480702285492,0.5765328440860059,5.0,True,15,False,True
2026-07-21 08:30:03.054,long,target,162.39428571428536,3.1765095448137424,18.78361138888889,14.232857142857094,2.923517012947958,0.3751881963264192,2.917193616380585,0.6055030098719553,2.0,False,8,False,False
2026-07-22 03:17:07.065,long,target,137.16000000000173,2.682914902148752,0.9512275,9.200000000000014,2.6739130434782963,1.4804347826086817,1.96304347826091,1.0389540047870809,6.0,False,3,False,False
2026-07-22 04:15:03.023,long,target,131.71714285714282,2.576450025079324,14.5803175,14.618571428571418,3.0153425193003,2.5953288380728137,3.4928173556142195,1.4280910555399309,7.0,False,4,False,False
2026-07-27 09:45:03.105,long,stop,-52.600000000001366,-1.0288810429646125,1.3097641666666666,10.445714285714205,0.7093818380743898,0.40973741794299895,2.30908096280097,0.5451074148941045,2.0,False,9,False,False
2026-07-28 12:15:03.265,short,target,173.8857142857145,3.401287358762888,28.624229444444442,10.905714285714241,3.3422845166361403,0.143044275609071,2.4757663086193444,0.5425205200913492,3.0,True,12,False,False
2026-07-29 17:00:03.009,short,stop,-48.030000000000165,-0.9394896671785024,2.8767477777777777,15.982857142856963,0.7082588487665538,0.25151948516270445,3.3723632463353748,0.7588602662940918,10.0,True,17,False,False
2026-07-30 22:30:03.028,long,stop,-64.04000000000204,-1.252652889571372,2.4994188888888886,13.987142857142706,0.2788274946379098,0.23164130323765414,1.8273925033193583,1.2725666232389892,3.0,False,22,False,False
2026-07-31 16:00:03.003,short,stop,-47.439999999999856,-0.9279489862783232,2.2584444444444443,12.305714285714332,1.6626422103552323,0.289296494079437,3.0116090085906135,0.5433442026082765,2.0,True,16,False,False
2026-08-03 21:00:03.069,short,stop,-52.450000000000365,-1.0259469715492946,0.7450994444444445,10.072857142857174,0.0585732520210042,0.027797475535359686,2.0292157140831533,0.5202292165386933,3.0,True,21,False,True
2026-08-04 20:00:03.011,long,stop,-54.269999999999946,-1.0615470380549052,1.7569802777777777,17.155714285714435,0.7169622782912594,0.1632109251394879,2.0494629028228566,0.8003509555787913,2.0,False,20,True,False
2026-08-05 08:45:03.157,long,target,160.70571428571205,3.1434802837386338,6.6316613888888885,18.412857142857124,2.983241523779937,1.6140895337108823,1.6542788424238253,1.6400919714922437,5.0,False,8,False,True
2026-08-05 15:23:00.395,long,target,103.63714285714107,2.027191856135458,2.4497413888888886,16.73857142857131,2.0712639754203486,0.5747204915933546,5.061363830332102,2.0854211864410384,6.0,False,15,False,False
2026-08-05 17:50:02.479,long,target,168.71428571428567,3.300131753778315,45.66666027777778,29.475714285714275,3.97276208016286,0.1798090437648181,3.8865894440943958,2.464266522662591,7.0,False,17,False,False
2026-08-07 15:45:03.038,long,stop,-52.57999999999869,-1.0284898334425203,0.5467088888888889,25.627142857142903,0.16544957912929809,3.079547354925021,2.1516249512236354,3.057866490014279,18.0,True,15,False,False
2026-08-07 22:15:03.262,long,stop,-59.97000000000022,-1.173041751836244,53.83655111111111,18.96285714285711,0.4250414343830262,0.059062829591629375,1.6189543468434946,3.0826513854772526,20.0,True,22,True,True
2026-08-10 07:30:03.086,long,stop,-51.7799999999988,-1.012841452560932,9.480015277777778,16.718571428571654,1.6119798342305065,0.23207724515076503,1.9882081517559202,2.7442832403891413,22.0,True,7,True,True
2026-08-10 19:00:03.013,long,target,173.04428571428892,3.3848286152999876,8.77868861111111,19.657142857142908,3.0329941860465444,0.6125000000000428,3.634302325581412,2.224473502597966,25.0,True,19,False,True
2026-08-11 04:30:03.003,long,stop,-49.23000000000044,-0.9629622385008937,3.438785,15.711428571429028,0.9738134206219146,0.005091834879064143,3.2575013638842663,3.3108024427219225,28.0,True,4,False,False
2026-08-11 13:30:03.050,long,stop,-58.5200000000016,-1.144679061488388,7.539471944444444,13.78857142857149,1.8428305014504578,0.24077911313728337,2.8835474513053,2.0625273306697367,30.0,True,13,True,True
2026-08-12 01:30:03.451,long,stop,-52.439999999999856,-1.0257513667882647,0.5746744444444445,12.121428571428623,0.0783736004714048,0.16169711255148886,2.372657631113738,1.6257544627936178,33.0,True,1,True,True
2026-08-12 04:15:03.087,long,target,164.73142857142986,3.22222517181785,11.465466944444444,13.814285714285559,3.443536711478818,0.9743536711479595,3.066390899689839,1.7733886602510098,34.0,True,4,False,True
2026-08-12 15:43:01.798,long,stop,-75.74999999999814,-1.481706064725579,0.9511577777777778,15.71142857142838,0.4270776504819133,0.5524640843790033,1.8572467721403145,1.9688078203421011,36.0,True,15,False,False
2026-08-13 03:00:03.081,long,target,153.5571428571439,3.0036508231467702,0.5692102777777778,8.984285714285761,3.7955159802830547,0.6900938145967902,2.9028462394657106,1.7071960344115993,39.0,True,3,False,True
2026-08-13 03:34:15.247,long,stop,-151.7999999999998,-2.9692802722818237,1.1831316666666667,11.348571428571502,0.22734138972808882,1.0697381671701331,4.241943605236578,1.7071960344115993,39.0,True,3,False,False
2026-08-13 13:00:03.019,long,stop,-53.91999999999942,-1.054700871419199,3.8829391666666666,12.871428571428623,1.336293007769126,0.3480577136516043,2.8403995560487836,0.6999039281904408,42.0,True,13,False,True
2026-08-14 16:45:03.038,long,stop,-52.050000000001965,-1.0181227811085307,4.0129761111111115,16.97857142857122,0.15431215818257854,0.8210349179637528,4.519814892721961,0.5475038613800858,2.0,True,16,False,True
2026-08-17 03:30:04.158,long,target,169.94857142857174,3.324274969995633,24.129104166666664,14.415714285714525,2.9759191358635664,0.4231493409969462,2.7386780299275824,0.5205125430419993,4.0,True,3,False,True
2026-08-18 03:37:52.797,long,stop,-64.14999999999655,-1.2548045419424834,0.7976513888888889,10.414285714285663,0.24581618655696694,0.28614540466405736,3.879286694101493,1.0572549031289342,10.0,True,3,False,False
2026-08-19 07:45:03.154,short,stop,-55.879999999998546,-1.093039404579079,2.7852875,13.618571428571679,0.8334207489772484,0.527221231511603,1.7505507185565714,0.7742805305393442,3.0,False,7,False,False
2026-08-19 16:00:03.003,long,target,130.02571428571298,2.54336487692965,6.144610833333333,21.504285714285547,3.1426293762040998,1.6796651830199616,5.456586726898342,1.4657237956518558,1.0,True,16,False,False
2026-08-19 22:15:03.087,long,stop,-56.46,-1.1043844807182608,6.652047222222222,18.055714285714462,1.29377324155394,0.4707650921750092,2.981881477965008,2.4877681591320067,2.0,True,22,False,False
2026-08-20 17:30:03.005,long,target,140.74571428571596,2.7530531807430236,16.070625,23.79428571428603,2.9830691642650717,0.07985110470699613,3.362992315081626,1.3693453885987386,7.0,True,17,False,True
2026-08-21 09:45:03.002,long,target,148.08857142857053,2.8966829624061448,9.136488333333334,17.25428571428568,2.9071038251366095,0.5065408180162162,3.3614836893525486,2.2464764814691005,11.0,True,9,False,False
2026-08-21 18:53:17.386,long,target,157.4885714285714,3.0805514377648517,80.739835,28.061428571428483,2.8893753499974935,0.1446825841266432,2.43679682329581,2.65717899616766,13.0,True,18,False,False
2026-08-25 03:45:03.118,long,stop,-52.170000000001856,-1.020470038240767,0.26232583333333337,16.438571428571127,0.026766316155359827,0.21899713218043806,5.142782654036821,2.5886119110318395,21.0,True,3,False,False
2026-08-25 08:30:03.006,long,stop,-48.45999999999971,-0.9479006719023484,2.647619166666667,24.86000000000019,0.3065164923571936,0.41432019308129575,2.0651649235719933,1.7075934703596025,23.0,True,8,False,True
2026-08-25 14:15:03.148,long,stop,-57.14999999999869,-1.117881209228607,1.9961730555555555,18.404285714285965,0.22168749514863853,0.03694791585812289,1.9941007529301316,1.6832164903859366,24.0,True,14,False,True
2026-08-25 18:45:03.013,long,stop,-56.739999999998545,-1.109861414026789,9.250063055555556,26.811428571428483,0.604219948849134,0.8563512361466706,2.939791133844841,1.7850926951581438,25.0,True,18,False,True
2026-08-26 05:45:03.198,long,stop,-60.300000000001965,-1.1794967089499342,0.43483166666666667,19.072857142856655,0.0435173395251265,0.5872219309415556,3.413227473597494,1.3669743404833612,28.0,True,5,False,True
2026-08-26 15:30:03.022,long,stop,-66.07999999999927,-1.2925562608193741,0.0019158333333333334,13.001428571428603,0.02230524118228481,0.19382485441163622,2.530491154818118,1.0093288037534585,30.0,True,15,False,True
2026-08-27 20:00:03.204,long,stop,-45.25999999999898,-0.8853071483759716,7.338681666666667,21.801428571428136,0.11008452919208542,0.1761352467073033,3.6015988467335123,0.5315528664488642,1.0,True,20,False,True
2026-08-28 21:30:03.301,short,target,121.92857142857218,2.3849809075781625,90.66262194444445,40.73285714285729,3.1016729211236904,0.17283344439376144,4.237856416371484,2.3490603298816457,1.0,False,21,False,False
2026-09-01 16:15:03.183,short,stop,-45.56000000000007,-0.8911752912065894,0.2934483333333333,22.94142857142859,0.14340868049068886,1.9632604769911317,3.065197085746295,3.299613744211189,12.0,False,16,False,False
2026-09-01 19:30:03.098,short,stop,-58.34000000000073,-1.1411581757900129,21.456821666666666,27.237142857142576,2.5149480751075473,0.030840239169207383,1.635266967376464,3.299613744211189,12.0,False,19,False,True
2026-09-03 02:30:03.173,short,stop,-56.58000000000349,-1.1067317378505674,0.6864827777777779,9.269999999999916,0.11434735706574976,0.2761596548003791,2.112189859762883,1.06286132240855,20.0,False,2,False,True
2026-09-03 16:00:03.034,long,stop,-41.299999999999855,-0.8078476630121149,0.6808791666666667,22.458571428571695,0.19636155460847665,1.3099675593155529,5.314674639017837,1.2798838081460786,3.0,True,16,False,False
2026-09-03 18:15:03.053,long,stop,-65.45999999999971,-1.28042876563615,4.75742361111111,31.46714285714305,0.20148000181595654,0.48812820629223536,3.178553593317287,1.2798838081460786,3.0,True,18,False,True
2026-09-04 03:00:03.151,long,stop,-60.24000000000152,-1.1783230803838063,1.4367119444444443,9.174285714286011,0.7139520398629677,0.2943008408594168,2.2257863593895344,0.7066987901139891,5.0,True,3,False,True
2026-09-04 10:45:03.004,long,stop,-54.000000000001165,-1.0562657095073922,1.4441327777777777,13.318571428571365,0.36940898852301485,1.2283599699667984,2.608387857985623,0.6150378723789499,7.0,True,10,False,True
2026-09-07 04:00:03.000,short,stop,-67.24000000000277,-1.3152464130977488,22.7175175,13.724285714285672,2.078796710731746,0.8641615488706602,2.4278130529821866,0.6507180261512218,4.0,False,4,True,False
2026-09-08 22:00:03.033,short,stop,-57.72000000000022,-1.1290306806067703,10.669533055555556,17.61285714285753,1.8702246735338808,0.6586097818152387,2.527698921242568,0.7240998534626257,3.0,False,22,False,True
2026-09-10 21:00:03.143,short,target,173.4342857142838,3.392457200979663,18.504116944444444,19.27714285714254,3.33503779457542,0.12968726841559425,1.9048465984882144,0.8934116655621117,15.0,False,21,False,True
2026-09-11 21:15:03.109,short,target,180.6128571428599,3.5328734758547418,63.18212194444445,20.15142857142876,3.279668226286663,0.5101375301290508,2.5060258046221233,0.5363935749348878,1.0,True,21,False,False
2026-09-14 12:30:03.045,short,stop,-55.1400000000012,-1.0785646522636596,7.199058611111111,17.980000000000082,1.8948832035594858,1.704115684093397,2.9410456062291868,1.52074826965211,5.0,True,12,False,False
2026-09-14 22:30:03.103,short,stop,-45.3900000000012,-0.8878500102692735,6.531590277777777,14.791428571428307,0.9404095035735052,0.8667181765502443,2.017384585667298,1.0793620985790344,7.0,True,22,False,True
2026-09-15 08:30:03.036,short,stop,-44.240000000002766,-0.8653554627520175,13.339615,11.97857142857174,3.088849135360683,0.5209302325581078,2.82504472271908,1.0719490900729005,10.0,True,8,True,True
2026-09-16 01:00:03.308,short,stop,-43.85000000000364,-0.8577268770722591,4.5081613888888885,11.080000000000057,1.6805054151624363,0.019855595667975002,3.4115523465703137,1.0251181393721536,14.0,True,1,True,True
2026-09-18 07:45:03.005,long,stop,-52.44000000000229,-1.0257513667883125,9.238942777777778,16.80857142857141,2.0525242223355455,0.3640999490055492,3.2471528131905485,0.5798999525867319,4.0,False,7,False,False
2026-09-18 19:30:03.084,long,stop,-41.859999999999346,-0.8188015296292184,59.63128277777778,21.32714285714298,0.9288632862214615,1.2050371759662672,2.07247638823768,0.6789835519871661,7.0,False,19,False,True
